"","node1","node2","org","pathway","EC"
"1","hsa:226","hsa:2203","hsa","00010","4.1.2.13"
"2","hsa:226","hsa:8789","hsa","00010","4.1.2.13"
"3","hsa:226","hsa:5211","hsa","00010","4.1.2.13"
"4","hsa:226","hsa:5213","hsa","00010","4.1.2.13"
"5","hsa:226","hsa:5214","hsa","00010","4.1.2.13"
"6","hsa:226","hsa:7167","hsa","00010","4.1.2.13"
"7","hsa:226","hsa:2597","hsa","00010","4.1.2.13"
"8","hsa:226","hsa:26330","hsa","00010","4.1.2.13"
"9","hsa:229","hsa:2203","hsa","00010","4.1.2.13"
"10","hsa:229","hsa:8789","hsa","00010","4.1.2.13"
"11","hsa:229","hsa:5211","hsa","00010","4.1.2.13"
"12","hsa:229","hsa:5213","hsa","00010","4.1.2.13"
"13","hsa:229","hsa:5214","hsa","00010","4.1.2.13"
"14","hsa:229","hsa:7167","hsa","00010","4.1.2.13"
"15","hsa:229","hsa:2597","hsa","00010","4.1.2.13"
"16","hsa:229","hsa:26330","hsa","00010","4.1.2.13"
"17","hsa:230","hsa:2203","hsa","00010","4.1.2.13"
"18","hsa:230","hsa:8789","hsa","00010","4.1.2.13"
"19","hsa:230","hsa:5211","hsa","00010","4.1.2.13"
"20","hsa:230","hsa:5213","hsa","00010","4.1.2.13"
"21","hsa:230","hsa:5214","hsa","00010","4.1.2.13"
"22","hsa:230","hsa:7167","hsa","00010","4.1.2.13"
"23","hsa:230","hsa:2597","hsa","00010","4.1.2.13"
"24","hsa:230","hsa:26330","hsa","00010","1.2.1.3"
"25","hsa:217","hsa:124","hsa","00010","1.2.1.3"
"26","hsa:217","hsa:125","hsa","00010","1.2.1.3"
"27","hsa:217","hsa:126","hsa","00010","1.2.1.3"
"28","hsa:217","hsa:127","hsa","00010","1.2.1.3"
"29","hsa:217","hsa:128","hsa","00010","1.2.1.3"
"30","hsa:217","hsa:130","hsa","00010","1.2.1.3"
"31","hsa:217","hsa:131","hsa","00010","1.2.1.3"
"32","hsa:217","hsa:10327","hsa","00010","1.2.1.3"
"33","hsa:219","hsa:124","hsa","00010","1.2.1.3"
"34","hsa:219","hsa:125","hsa","00010","1.2.1.3"
"35","hsa:219","hsa:126","hsa","00010","1.2.1.3"
"36","hsa:219","hsa:127","hsa","00010","1.2.1.3"
"37","hsa:219","hsa:128","hsa","00010","1.2.1.3"
"38","hsa:219","hsa:130","hsa","00010","1.2.1.3"
"39","hsa:219","hsa:131","hsa","00010","1.2.1.3"
"40","hsa:219","hsa:10327","hsa","00010","1.2.1.47 / 1.2.1.3"
"41","hsa:223","hsa:124","hsa","00010","1.2.1.47 / 1.2.1.3"
"42","hsa:223","hsa:125","hsa","00010","1.2.1.47 / 1.2.1.3"
"43","hsa:223","hsa:126","hsa","00010","1.2.1.47 / 1.2.1.3"
"44","hsa:223","hsa:127","hsa","00010","1.2.1.47 / 1.2.1.3"
"45","hsa:223","hsa:128","hsa","00010","1.2.1.47 / 1.2.1.3"
"46","hsa:223","hsa:130","hsa","00010","1.2.1.47 / 1.2.1.3"
"47","hsa:223","hsa:131","hsa","00010","1.2.1.47 / 1.2.1.3"
"48","hsa:223","hsa:10327","hsa","00010","1.2.1.3"
"49","hsa:224","hsa:124","hsa","00010","1.2.1.3"
"50","hsa:224","hsa:125","hsa","00010","1.2.1.3"
"51","hsa:224","hsa:126","hsa","00010","1.2.1.3"
"52","hsa:224","hsa:127","hsa","00010","1.2.1.3"
"53","hsa:224","hsa:128","hsa","00010","1.2.1.3"
"54","hsa:224","hsa:130","hsa","00010","1.2.1.3"
"55","hsa:224","hsa:131","hsa","00010","1.2.1.3"
"56","hsa:224","hsa:10327","hsa","00010","1.2.1.31 / 1.2.1.8 / 1.2.1.3"
"57","hsa:501","hsa:124","hsa","00010","1.2.1.31 / 1.2.1.8 / 1.2.1.3"
"58","hsa:501","hsa:125","hsa","00010","1.2.1.31 / 1.2.1.8 / 1.2.1.3"
"59","hsa:501","hsa:126","hsa","00010","1.2.1.31 / 1.2.1.8 / 1.2.1.3"
"60","hsa:501","hsa:127","hsa","00010","1.2.1.31 / 1.2.1.8 / 1.2.1.3"
"61","hsa:501","hsa:128","hsa","00010","1.2.1.31 / 1.2.1.8 / 1.2.1.3"
"62","hsa:501","hsa:130","hsa","00010","1.2.1.31 / 1.2.1.8 / 1.2.1.3"
"63","hsa:501","hsa:131","hsa","00010","1.2.1.31 / 1.2.1.8 / 1.2.1.3"
"64","hsa:501","hsa:10327","hsa","00010","1.2.1.5"
"65","hsa:218","hsa:124","hsa","00010","1.2.1.5"
"66","hsa:218","hsa:125","hsa","00010","1.2.1.5"
"67","hsa:218","hsa:126","hsa","00010","1.2.1.5"
"68","hsa:218","hsa:127","hsa","00010","1.2.1.5"
"69","hsa:218","hsa:128","hsa","00010","1.2.1.5"
"70","hsa:218","hsa:130","hsa","00010","1.2.1.5"
"71","hsa:218","hsa:131","hsa","00010","1.2.1.5"
"72","hsa:218","hsa:10327","hsa","00010","1.2.1.5"
"73","hsa:220","hsa:124","hsa","00010","1.2.1.5"
"74","hsa:220","hsa:125","hsa","00010","1.2.1.5"
"75","hsa:220","hsa:126","hsa","00010","1.2.1.5"
"76","hsa:220","hsa:127","hsa","00010","1.2.1.5"
"77","hsa:220","hsa:128","hsa","00010","1.2.1.5"
"78","hsa:220","hsa:130","hsa","00010","1.2.1.5"
"79","hsa:220","hsa:131","hsa","00010","1.2.1.5"
"80","hsa:220","hsa:10327","hsa","00010","1.2.1.5"
"81","hsa:221","hsa:124","hsa","00010","1.2.1.5"
"82","hsa:221","hsa:125","hsa","00010","1.2.1.5"
"83","hsa:221","hsa:126","hsa","00010","1.2.1.5"
"84","hsa:221","hsa:127","hsa","00010","1.2.1.5"
"85","hsa:221","hsa:128","hsa","00010","1.2.1.5"
"86","hsa:221","hsa:130","hsa","00010","1.2.1.5"
"87","hsa:221","hsa:131","hsa","00010","1.2.1.5"
"88","hsa:221","hsa:10327","hsa","00010","1.2.1.5"
"89","hsa:222","hsa:124","hsa","00010","1.2.1.5"
"90","hsa:222","hsa:125","hsa","00010","1.2.1.5"
"91","hsa:222","hsa:126","hsa","00010","1.2.1.5"
"92","hsa:222","hsa:127","hsa","00010","1.2.1.5"
"93","hsa:222","hsa:128","hsa","00010","1.2.1.5"
"94","hsa:222","hsa:130","hsa","00010","1.2.1.5"
"95","hsa:222","hsa:131","hsa","00010","1.2.1.5"
"96","hsa:222","hsa:10327","hsa","00010","1.2.4.1"
"97","hsa:5160","hsa:1737","hsa","00010","1.2.4.1"
"98","hsa:5160","hsa:1738","hsa","00010","1.2.4.1"
"99","hsa:5160","hsa:5313","hsa","00010","1.2.4.1"
"100","hsa:5160","hsa:5315","hsa","00010","1.2.4.1"
"101","hsa:5160","hsa:160287","hsa","00010","1.2.4.1"
"102","hsa:5160","hsa:3939","hsa","00010","1.2.4.1"
"103","hsa:5160","hsa:3945","hsa","00010","1.2.4.1"
"104","hsa:5160","hsa:3948","hsa","00010","1.2.4.1"
"105","hsa:5160","hsa:92483","hsa","00010","1.2.4.1"
"106","hsa:5161","hsa:1737","hsa","00010","1.2.4.1"
"107","hsa:5161","hsa:1738","hsa","00010","1.2.4.1"
"108","hsa:5161","hsa:5313","hsa","00010","1.2.4.1"
"109","hsa:5161","hsa:5315","hsa","00010","1.2.4.1"
"110","hsa:5161","hsa:160287","hsa","00010","1.2.4.1"
"111","hsa:5161","hsa:3939","hsa","00010","1.2.4.1"
"112","hsa:5161","hsa:3945","hsa","00010","1.2.4.1"
"113","hsa:5161","hsa:3948","hsa","00010","1.2.4.1"
"114","hsa:5161","hsa:92483","hsa","00010","1.2.4.1"
"115","hsa:5162","hsa:1737","hsa","00010","1.2.4.1"
"116","hsa:5162","hsa:1738","hsa","00010","1.2.4.1"
"117","hsa:5162","hsa:5313","hsa","00010","1.2.4.1"
"118","hsa:5162","hsa:5315","hsa","00010","1.2.4.1"
"119","hsa:5162","hsa:160287","hsa","00010","1.2.4.1"
"120","hsa:5162","hsa:3939","hsa","00010","1.2.4.1"
"121","hsa:5162","hsa:3945","hsa","00010","1.2.4.1"
"122","hsa:5162","hsa:3948","hsa","00010","2.3.1.12"
"123","hsa:5162","hsa:92483","hsa","00010","1.1.1.27"
"124","hsa:1737","hsa:1738","hsa","00010","1.1.1.27"
"125","hsa:160287","hsa:5313","hsa","00010","1.1.1.27"
"126","hsa:160287","hsa:5315","hsa","00010","1.1.1.27"
"127","hsa:3939","hsa:5313","hsa","00010","1.1.1.27"
"128","hsa:3939","hsa:5315","hsa","00010","1.1.1.27"
"129","hsa:3945","hsa:5313","hsa","00010","1.1.1.27"
"130","hsa:3945","hsa:5315","hsa","00010","1.1.1.27"
"131","hsa:3948","hsa:5313","hsa","00010","1.1.1.27"
"132","hsa:3948","hsa:5315","hsa","00010","1.1.1.27"
"133","hsa:92483","hsa:5313","hsa","00010","2.7.1.40"
"134","hsa:92483","hsa:5315","hsa","00010","2.7.1.40"
"135","hsa:5313","hsa:2023","hsa","00010","2.7.1.40"
"136","hsa:5313","hsa:2026","hsa","00010","2.7.1.40"
"137","hsa:5313","hsa:2027","hsa","00010","2.7.1.40"
"138","hsa:5313","hsa:387712","hsa","00010","2.7.1.40"
"139","hsa:5315","hsa:2023","hsa","00010","2.7.1.40"
"140","hsa:5315","hsa:2026","hsa","00010","2.7.1.40"
"141","hsa:5315","hsa:2027","hsa","00010","4.2.1.11"
"142","hsa:5315","hsa:387712","hsa","00010","4.2.1.11"
"143","hsa:2023","hsa:441531","hsa","00010","4.2.1.11"
"144","hsa:2023","hsa:5223","hsa","00010","4.2.1.11"
"145","hsa:2023","hsa:5224","hsa","00010","4.2.1.11"
"146","hsa:2023","hsa:669","hsa","00010","4.2.1.11"
"147","hsa:2026","hsa:441531","hsa","00010","4.2.1.11"
"148","hsa:2026","hsa:5223","hsa","00010","4.2.1.11"
"149","hsa:2026","hsa:5224","hsa","00010","4.2.1.11"
"150","hsa:2026","hsa:669","hsa","00010","4.2.1.11"
"151","hsa:2027","hsa:441531","hsa","00010","4.2.1.11"
"152","hsa:2027","hsa:5223","hsa","00010","4.2.1.11"
"153","hsa:2027","hsa:5224","hsa","00010","4.2.1.11"
"154","hsa:2027","hsa:669","hsa","00010","4.2.1.11"
"155","hsa:387712","hsa:441531","hsa","00010","4.2.1.11"
"156","hsa:387712","hsa:5223","hsa","00010","4.2.1.11"
"157","hsa:387712","hsa:5224","hsa","00010","5.4.2.11"
"158","hsa:387712","hsa:669","hsa","00010","5.4.2.11"
"159","hsa:441531","hsa:5230","hsa","00010","5.4.2.11"
"160","hsa:441531","hsa:5232","hsa","00010","5.4.2.11"
"161","hsa:441531","hsa:9562","hsa","00010","5.4.2.11"
"162","hsa:5223","hsa:5230","hsa","00010","5.4.2.11"
"163","hsa:5223","hsa:5232","hsa","00010","5.4.2.11"
"164","hsa:5223","hsa:9562","hsa","00010","5.4.2.11"
"165","hsa:5224","hsa:5230","hsa","00010","5.4.2.11"
"166","hsa:5224","hsa:5232","hsa","00010","5.4.2.4 / 5.4.2.11"
"167","hsa:5224","hsa:9562","hsa","00010","5.4.2.4 / 5.4.2.11"
"168","hsa:669","hsa:5230","hsa","00010","5.4.2.4 / 5.4.2.11"
"169","hsa:669","hsa:5232","hsa","00010","5.4.2.4 / 5.4.2.11"
"170","hsa:669","hsa:441531","hsa","00010","5.4.2.4 / 5.4.2.11"
"171","hsa:669","hsa:5223","hsa","00010","5.4.2.4 / 5.4.2.11"
"172","hsa:669","hsa:5224","hsa","00010","5.4.2.4 / 5.4.2.11"
"173","hsa:669","hsa:669","hsa","00010","1.2.1.12"
"174","hsa:669","hsa:9562","hsa","00010","1.2.1.12"
"175","hsa:2597","hsa:5230","hsa","00010","1.2.1.12"
"176","hsa:2597","hsa:5232","hsa","00010","1.2.1.12"
"177","hsa:2597","hsa:669","hsa","00010","1.2.1.12"
"178","hsa:26330","hsa:5230","hsa","00010","1.2.1.12"
"179","hsa:26330","hsa:5232","hsa","00010","5.3.1.1"
"180","hsa:26330","hsa:669","hsa","00010","5.3.1.1"
"181","hsa:7167","hsa:226","hsa","00010","5.3.1.1"
"182","hsa:7167","hsa:229","hsa","00010","5.3.1.1"
"183","hsa:7167","hsa:230","hsa","00010","5.3.1.1"
"184","hsa:7167","hsa:2597","hsa","00010","2.7.1.11"
"185","hsa:7167","hsa:26330","hsa","00010","2.7.1.11"
"186","hsa:5211","hsa:2821","hsa","00010","2.7.1.11"
"187","hsa:5213","hsa:2821","hsa","00010","3.1.3.11"
"188","hsa:5214","hsa:2821","hsa","00010","3.1.3.11"
"189","hsa:2203","hsa:2821","hsa","00010","5.3.1.9"
"190","hsa:8789","hsa:2821","hsa","00010","5.3.1.9"
"191","hsa:2821","hsa:2645","hsa","00010","5.3.1.9"
"192","hsa:2821","hsa:3098","hsa","00010","5.3.1.9"
"193","hsa:2821","hsa:3099","hsa","00010","5.3.1.9"
"194","hsa:2821","hsa:3101","hsa","00010","5.3.1.9"
"195","hsa:2821","hsa:80201","hsa","00010","5.3.1.9"
"196","hsa:2821","hsa:2538","hsa","00010","5.3.1.9"
"197","hsa:2821","hsa:57818","hsa","00010","5.3.1.9"
"198","hsa:2821","hsa:92579","hsa","00010","5.3.1.9"
"199","hsa:2821","hsa:5236","hsa","00010","5.4.2.2"
"200","hsa:2821","hsa:55276","hsa","00010","5.4.2.2"
"201","hsa:5236","hsa:2538","hsa","00010","5.4.2.2"
"202","hsa:5236","hsa:57818","hsa","00010","5.4.2.2"
"203","hsa:5236","hsa:92579","hsa","00010","5.4.2.2"
"204","hsa:5236","hsa:3098","hsa","00010","5.4.2.2"
"205","hsa:5236","hsa:3099","hsa","00010","5.4.2.2"
"206","hsa:5236","hsa:3101","hsa","00010","5.4.2.2"
"207","hsa:5236","hsa:80201","hsa","00010","5.4.2.2 / 5.4.2.7"
"208","hsa:5236","hsa:2645","hsa","00010","5.4.2.2 / 5.4.2.7"
"209","hsa:5236","hsa:2821","hsa","00010","5.4.2.2 / 5.4.2.7"
"210","hsa:55276","hsa:2538","hsa","00010","5.4.2.2 / 5.4.2.7"
"211","hsa:55276","hsa:57818","hsa","00010","5.4.2.2 / 5.4.2.7"
"212","hsa:55276","hsa:92579","hsa","00010","5.4.2.2 / 5.4.2.7"
"213","hsa:55276","hsa:3098","hsa","00010","5.4.2.2 / 5.4.2.7"
"214","hsa:55276","hsa:3099","hsa","00010","5.4.2.2 / 5.4.2.7"
"215","hsa:55276","hsa:3101","hsa","00010","5.4.2.2 / 5.4.2.7"
"216","hsa:55276","hsa:80201","hsa","00010","2.7.1.1"
"217","hsa:55276","hsa:2645","hsa","00010","2.7.1.1"
"218","hsa:55276","hsa:2821","hsa","00010","2.7.1.1"
"219","hsa:3098","hsa:130589","hsa","00010","2.7.1.1"
"220","hsa:3098","hsa:2821","hsa","00010","2.7.1.1"
"221","hsa:3099","hsa:130589","hsa","00010","2.7.1.1"
"222","hsa:3099","hsa:2821","hsa","00010","2.7.1.1"
"223","hsa:3101","hsa:130589","hsa","00010","2.7.1.1"
"224","hsa:3101","hsa:2821","hsa","00010","2.7.1.2"
"225","hsa:80201","hsa:130589","hsa","00010","2.7.1.2"
"226","hsa:80201","hsa:2821","hsa","00010","5.1.3.3"
"227","hsa:2645","hsa:130589","hsa","00010","5.1.3.3"
"228","hsa:2645","hsa:2821","hsa","00010","5.1.3.3"
"229","hsa:130589","hsa:3098","hsa","00010","5.1.3.3"
"230","hsa:130589","hsa:3099","hsa","00010","5.1.3.3"
"231","hsa:130589","hsa:3101","hsa","00010","5.1.3.3"
"232","hsa:130589","hsa:80201","hsa","00010","5.1.3.3"
"233","hsa:130589","hsa:2645","hsa","00010","5.1.3.3"
"234","hsa:130589","hsa:2538","hsa","00010","5.1.3.3"
"235","hsa:130589","hsa:57818","hsa","00010","2.7.2.3"
"236","hsa:130589","hsa:92579","hsa","00010","2.7.2.3"
"237","hsa:130589","hsa:83440","hsa","00010","4.1.1.32"
"238","hsa:5230","hsa:669","hsa","00010","4.1.1.32"
"239","hsa:5232","hsa:669","hsa","00010","4.1.1.32"
"240","hsa:5105","hsa:2023","hsa","00010","4.1.1.32"
"241","hsa:5105","hsa:2026","hsa","00010","4.1.1.32"
"242","hsa:5105","hsa:2027","hsa","00010","4.1.1.32"
"243","hsa:5105","hsa:387712","hsa","00010","4.1.1.32"
"244","hsa:5105","hsa:5313","hsa","00010","4.1.1.32"
"245","hsa:5105","hsa:5315","hsa","00010","4.1.1.32"
"246","hsa:5106","hsa:2023","hsa","00010","4.1.1.32"
"247","hsa:5106","hsa:2026","hsa","00010","4.1.1.32"
"248","hsa:5106","hsa:2027","hsa","00010","4.1.1.32"
"249","hsa:5106","hsa:387712","hsa","00010","6.2.1.1"
"250","hsa:5106","hsa:5313","hsa","00010","6.2.1.1"
"251","hsa:5106","hsa:5315","hsa","00010","6.2.1.1"
"252","hsa:55902","hsa:217","hsa","00010","6.2.1.1"
"253","hsa:55902","hsa:219","hsa","00010","6.2.1.1"
"254","hsa:55902","hsa:223","hsa","00010","6.2.1.1"
"255","hsa:55902","hsa:224","hsa","00010","6.2.1.1"
"256","hsa:55902","hsa:501","hsa","00010","6.2.1.1"
"257","hsa:55902","hsa:218","hsa","00010","6.2.1.1"
"258","hsa:55902","hsa:220","hsa","00010","6.2.1.1"
"259","hsa:55902","hsa:221","hsa","00010","6.2.1.1"
"260","hsa:55902","hsa:222","hsa","00010","6.2.1.1"
"261","hsa:55902","hsa:1737","hsa","00010","6.2.1.1"
"262","hsa:84532","hsa:217","hsa","00010","6.2.1.1"
"263","hsa:84532","hsa:219","hsa","00010","6.2.1.1"
"264","hsa:84532","hsa:223","hsa","00010","6.2.1.1"
"265","hsa:84532","hsa:224","hsa","00010","6.2.1.1"
"266","hsa:84532","hsa:501","hsa","00010","6.2.1.1"
"267","hsa:84532","hsa:218","hsa","00010","6.2.1.1"
"268","hsa:84532","hsa:220","hsa","00010","6.2.1.1"
"269","hsa:84532","hsa:221","hsa","00010","2.7.1.147"
"270","hsa:84532","hsa:222","hsa","00010","2.7.1.147"
"271","hsa:84532","hsa:1737","hsa","00010","2.7.1.147"
"272","hsa:83440","hsa:2821","hsa","00010","3.1.3.62 / 3.1.3.80"
"273","hsa:83440","hsa:5236","hsa","00010","3.1.3.62 / 3.1.3.80"
"274","hsa:83440","hsa:55276","hsa","00010","3.1.3.62 / 3.1.3.80"
"275","hsa:9562","hsa:2023","hsa","00010","3.1.3.62 / 3.1.3.80"
"276","hsa:9562","hsa:2026","hsa","00010","1.8.1.4"
"277","hsa:9562","hsa:2027","hsa","00010","1.8.1.4"
"278","hsa:9562","hsa:387712","hsa","00010","1.8.1.4"
"279","hsa:1738","hsa:4967","hsa","00020","1.8.1.4"
"280","hsa:1738","hsa:55753","hsa","00020","1.8.1.4"
"281","hsa:1738","hsa:5160","hsa","00020","1.8.1.4"
"282","hsa:1738","hsa:5161","hsa","00020","1.2.4.2"
"283","hsa:1738","hsa:5162","hsa","00020","1.2.4.2"
"284","hsa:1738","hsa:1737","hsa","00020","1.2.4.2"
"285","hsa:4967","hsa:3419","hsa","00020","1.2.4.2"
"286","hsa:4967","hsa:3420","hsa","00020","1.2.4.2"
"287","hsa:4967","hsa:3421","hsa","00020","1.2.4.2"
"288","hsa:4967","hsa:3417","hsa","00020","1.2.4.2"
"289","hsa:4967","hsa:3418","hsa","00020","1.2.4.2"
"290","hsa:55753","hsa:3419","hsa","00020","1.2.4.2"
"291","hsa:55753","hsa:3420","hsa","00020","1.2.4.2"
"292","hsa:55753","hsa:3421","hsa","00020","2.3.1.61"
"293","hsa:55753","hsa:3417","hsa","00020","2.3.1.61"
"294","hsa:55753","hsa:3418","hsa","00020","2.3.1.61"
"295","hsa:1743","hsa:4967","hsa","00020","6.2.1.4 / 6.2.1.5"
"296","hsa:1743","hsa:55753","hsa","00020","6.2.1.4 / 6.2.1.5"
"297","hsa:1743","hsa:1738","hsa","00020","6.2.1.4 / 6.2.1.5"
"298","hsa:8801","hsa:1743","hsa","00020","1.1.1.42"
"299","hsa:8802","hsa:1743","hsa","00020","1.1.1.42"
"300","hsa:8803","hsa:1743","hsa","00020","1.1.1.42"
"301","hsa:3417","hsa:3419","hsa","00020","1.1.1.42"
"302","hsa:3417","hsa:3420","hsa","00020","1.1.1.42"
"303","hsa:3417","hsa:3421","hsa","00020","1.1.1.41"
"304","hsa:3418","hsa:3419","hsa","00020","1.1.1.41"
"305","hsa:3418","hsa:3420","hsa","00020","1.1.1.41"
"306","hsa:3418","hsa:3421","hsa","00020","1.1.1.41"
"307","hsa:3419","hsa:3417","hsa","00020","1.1.1.41"
"308","hsa:3419","hsa:3418","hsa","00020","1.1.1.41"
"309","hsa:3420","hsa:3417","hsa","00020","2.3.3.8"
"310","hsa:3420","hsa:3418","hsa","00020","2.3.3.8"
"311","hsa:3421","hsa:3417","hsa","00020","2.3.3.8"
"312","hsa:3421","hsa:3418","hsa","00020","2.3.3.8"
"313","hsa:47","hsa:5091","hsa","00020","2.3.3.8"
"314","hsa:47","hsa:5105","hsa","00020","4.2.1.2"
"315","hsa:47","hsa:5106","hsa","00020","4.2.1.2"
"316","hsa:47","hsa:48","hsa","00020","4.2.1.2"
"317","hsa:47","hsa:50","hsa","00020","4.2.1.2"
"318","hsa:2271","hsa:6389","hsa","00020","4.2.1.3"
"319","hsa:2271","hsa:6390","hsa","00020","4.2.1.3"
"320","hsa:2271","hsa:6391","hsa","00020","4.2.1.3"
"321","hsa:2271","hsa:6392","hsa","00020","4.2.1.3"
"322","hsa:48","hsa:3417","hsa","00020","4.2.1.3"
"323","hsa:48","hsa:3418","hsa","00020","4.2.1.3"
"324","hsa:48","hsa:3419","hsa","00020","4.2.1.3"
"325","hsa:48","hsa:3420","hsa","00020","4.2.1.3"
"326","hsa:48","hsa:3421","hsa","00020","4.2.1.3"
"327","hsa:50","hsa:3417","hsa","00020","4.2.1.3"
"328","hsa:50","hsa:3418","hsa","00020","2.3.3.1"
"329","hsa:50","hsa:3419","hsa","00020","2.3.3.1"
"330","hsa:50","hsa:3420","hsa","00020","2.3.3.1"
"331","hsa:50","hsa:3421","hsa","00020","2.3.3.1"
"332","hsa:1431","hsa:5091","hsa","00020","2.3.3.1"
"333","hsa:1431","hsa:5105","hsa","00020","1.1.1.37"
"334","hsa:1431","hsa:5106","hsa","00020","1.1.1.37"
"335","hsa:1431","hsa:48","hsa","00020","1.1.1.37"
"336","hsa:1431","hsa:50","hsa","00020","1.1.1.37"
"337","hsa:4190","hsa:47","hsa","00020","1.1.1.37"
"338","hsa:4190","hsa:1431","hsa","00020","1.1.1.37"
"339","hsa:4190","hsa:5091","hsa","00020","1.1.1.37"
"340","hsa:4190","hsa:5105","hsa","00020","1.1.1.37"
"341","hsa:4190","hsa:5106","hsa","00020","1.1.1.37"
"342","hsa:4190","hsa:2271","hsa","00020","1.1.1.37"
"343","hsa:4191","hsa:47","hsa","00020","1.1.1.37"
"344","hsa:4191","hsa:1431","hsa","00020","1.1.1.37"
"345","hsa:4191","hsa:5091","hsa","00020","6.4.1.1"
"346","hsa:4191","hsa:5105","hsa","00020","6.4.1.1"
"347","hsa:4191","hsa:5106","hsa","00020","1.2.4.1"
"348","hsa:4191","hsa:2271","hsa","00020","1.2.4.1"
"349","hsa:5091","hsa:5105","hsa","00020","1.2.4.1"
"350","hsa:5091","hsa:5106","hsa","00020","1.2.4.1"
"351","hsa:5160","hsa:5091","hsa","00020","1.2.4.1"
"352","hsa:5160","hsa:5160","hsa","00020","1.2.4.1"
"353","hsa:5160","hsa:5161","hsa","00020","1.2.4.1"
"354","hsa:5160","hsa:5162","hsa","00020","1.2.4.1"
"355","hsa:5161","hsa:5091","hsa","00020","1.2.4.1"
"356","hsa:5161","hsa:5160","hsa","00020","1.2.4.1"
"357","hsa:5161","hsa:5161","hsa","00020","1.2.4.1"
"358","hsa:5161","hsa:5162","hsa","00020","1.2.4.1"
"359","hsa:5162","hsa:5091","hsa","00020","2.3.1.12"
"360","hsa:5162","hsa:5160","hsa","00020","2.3.1.12"
"361","hsa:5162","hsa:5161","hsa","00020","2.3.1.12"
"362","hsa:5162","hsa:5162","hsa","00020","2.3.1.12"
"363","hsa:1737","hsa:1431","hsa","00020","2.3.1.12"
"364","hsa:1737","hsa:47","hsa","00020","1.3.5.1"
"365","hsa:1737","hsa:5160","hsa","00020","1.3.5.1"
"366","hsa:1737","hsa:5161","hsa","00020","1.3.5.1"
"367","hsa:1737","hsa:5162","hsa","00020","1.3.5.1"
"368","hsa:6389","hsa:8801","hsa","00020","1.3.5.1"
"369","hsa:6389","hsa:8802","hsa","00020","1.3.5.1"
"370","hsa:6389","hsa:8803","hsa","00020","5.3.1.9"
"371","hsa:6390","hsa:8801","hsa","00020","5.3.1.9"
"372","hsa:6390","hsa:8802","hsa","00020","5.3.1.9"
"373","hsa:6390","hsa:8803","hsa","00020","2.7.1.15"
"374","hsa:6391","hsa:8801","hsa","00020","2.7.1.15"
"375","hsa:6391","hsa:8802","hsa","00020","2.7.1.15"
"376","hsa:6391","hsa:8803","hsa","00020","2.7.1.15"
"377","hsa:6392","hsa:8801","hsa","00020","2.7.1.15"
"378","hsa:6392","hsa:8802","hsa","00020","2.7.1.15"
"379","hsa:6392","hsa:8803","hsa","00020","2.7.1.15"
"380","hsa:2821","hsa:2539","hsa","00030","5.4.2.2 / 5.4.2.7"
"381","hsa:2821","hsa:6888","hsa","00030","5.4.2.2 / 5.4.2.7"
"382","hsa:2821","hsa:9563","hsa","00030","5.4.2.2 / 5.4.2.7"
"383","hsa:64080","hsa:22934","hsa","00030","5.4.2.2 / 5.4.2.7"
"384","hsa:64080","hsa:7086","hsa","00030","5.4.2.2 / 5.4.2.7"
"385","hsa:64080","hsa:8277","hsa","00030","5.4.2.2 / 5.4.2.7"
"386","hsa:64080","hsa:84076","hsa","00030","4.1.2.4"
"387","hsa:64080","hsa:5236","hsa","00030","4.1.2.4"
"388","hsa:64080","hsa:55276","hsa","00030","4.1.2.4"
"389","hsa:64080","hsa:51071","hsa","00030","4.1.2.4"
"390","hsa:55276","hsa:22934","hsa","00030","4.1.2.4"
"391","hsa:55276","hsa:7086","hsa","00030","4.1.2.4"
"392","hsa:55276","hsa:8277","hsa","00030","2.7.6.1"
"393","hsa:55276","hsa:84076","hsa","00030","2.7.6.1"
"394","hsa:55276","hsa:64080","hsa","00030","2.7.6.1"
"395","hsa:55276","hsa:51071","hsa","00030","2.7.6.1"
"396","hsa:51071","hsa:226","hsa","00030","2.7.6.1"
"397","hsa:51071","hsa:229","hsa","00030","2.7.6.1"
"398","hsa:51071","hsa:230","hsa","00030","2.7.6.1"
"399","hsa:51071","hsa:7086","hsa","00030","2.7.6.1"
"400","hsa:51071","hsa:8277","hsa","00030","2.7.6.1"
"401","hsa:51071","hsa:84076","hsa","00030","2.7.6.1"
"402","hsa:51071","hsa:6888","hsa","00030","2.7.6.1"
"403","hsa:221823","hsa:22934","hsa","00030","2.7.6.1"
"404","hsa:221823","hsa:7086","hsa","00030","2.7.6.1"
"405","hsa:221823","hsa:8277","hsa","00030","2.7.6.1"
"406","hsa:221823","hsa:84076","hsa","00030","2.7.6.1"
"407","hsa:221823","hsa:64080","hsa","00030","2.7.6.1"
"408","hsa:221823","hsa:55276","hsa","00030","2.7.6.1"
"409","hsa:221823","hsa:5236","hsa","00030","2.7.6.1"
"410","hsa:5631","hsa:22934","hsa","00030","2.7.6.1"
"411","hsa:5631","hsa:7086","hsa","00030","2.7.6.1"
"412","hsa:5631","hsa:8277","hsa","00030","2.7.6.1"
"413","hsa:5631","hsa:84076","hsa","00030","2.2.1.1"
"414","hsa:5631","hsa:64080","hsa","00030","2.2.1.1"
"415","hsa:5631","hsa:55276","hsa","00030","2.2.1.1"
"416","hsa:5631","hsa:5236","hsa","00030","2.2.1.1"
"417","hsa:5634","hsa:22934","hsa","00030","2.2.1.1"
"418","hsa:5634","hsa:7086","hsa","00030","2.2.1.1"
"419","hsa:5634","hsa:8277","hsa","00030","2.2.1.1"
"420","hsa:5634","hsa:84076","hsa","00030","2.2.1.1"
"421","hsa:5634","hsa:64080","hsa","00030","2.2.1.1"
"422","hsa:5634","hsa:55276","hsa","00030","2.2.1.1"
"423","hsa:5634","hsa:5236","hsa","00030","2.2.1.1"
"424","hsa:7086","hsa:22934","hsa","00030","2.2.1.1"
"425","hsa:7086","hsa:5236","hsa","00030","2.2.1.1"
"426","hsa:7086","hsa:55276","hsa","00030","2.2.1.1"
"427","hsa:7086","hsa:6888","hsa","00030","2.2.1.1"
"428","hsa:7086","hsa:2821","hsa","00030","2.2.1.1"
"429","hsa:7086","hsa:5211","hsa","00030","2.2.1.1"
"430","hsa:7086","hsa:5213","hsa","00030","2.2.1.1"
"431","hsa:7086","hsa:5214","hsa","00030","2.2.1.1"
"432","hsa:7086","hsa:2203","hsa","00030","2.2.1.1"
"433","hsa:7086","hsa:8789","hsa","00030","2.2.1.1"
"434","hsa:7086","hsa:226","hsa","00030","2.2.1.1"
"435","hsa:7086","hsa:229","hsa","00030","2.2.1.1"
"436","hsa:7086","hsa:230","hsa","00030","2.2.1.1"
"437","hsa:7086","hsa:6120","hsa","00030","2.2.1.1"
"438","hsa:7086","hsa:729020","hsa","00030","2.2.1.1"
"439","hsa:8277","hsa:22934","hsa","00030","2.2.1.1"
"440","hsa:8277","hsa:5236","hsa","00030","2.2.1.1"
"441","hsa:8277","hsa:55276","hsa","00030","2.2.1.1"
"442","hsa:8277","hsa:6888","hsa","00030","2.2.1.1"
"443","hsa:8277","hsa:2821","hsa","00030","2.2.1.1"
"444","hsa:8277","hsa:5211","hsa","00030","2.2.1.1"
"445","hsa:8277","hsa:5213","hsa","00030","2.2.1.1"
"446","hsa:8277","hsa:5214","hsa","00030","2.2.1.1"
"447","hsa:8277","hsa:2203","hsa","00030","2.2.1.1"
"448","hsa:8277","hsa:8789","hsa","00030","2.2.1.1"
"449","hsa:8277","hsa:226","hsa","00030","2.2.1.1"
"450","hsa:8277","hsa:229","hsa","00030","2.2.1.1"
"451","hsa:8277","hsa:230","hsa","00030","2.2.1.1"
"452","hsa:8277","hsa:6120","hsa","00030","2.2.1.1"
"453","hsa:8277","hsa:729020","hsa","00030","2.2.1.1"
"454","hsa:84076","hsa:22934","hsa","00030","2.2.1.1"
"455","hsa:84076","hsa:5236","hsa","00030","2.2.1.1"
"456","hsa:84076","hsa:55276","hsa","00030","2.2.1.1"
"457","hsa:84076","hsa:6888","hsa","00030","2.2.1.1"
"458","hsa:84076","hsa:2821","hsa","00030","5.3.1.6"
"459","hsa:84076","hsa:5211","hsa","00030","5.3.1.6"
"460","hsa:84076","hsa:5213","hsa","00030","5.3.1.6"
"461","hsa:84076","hsa:5214","hsa","00030","5.3.1.6"
"462","hsa:84076","hsa:2203","hsa","00030","5.3.1.6"
"463","hsa:84076","hsa:8789","hsa","00030","5.1.3.1"
"464","hsa:84076","hsa:226","hsa","00030","5.1.3.1"
"465","hsa:84076","hsa:229","hsa","00030","5.1.3.1"
"466","hsa:84076","hsa:230","hsa","00030","5.1.3.1"
"467","hsa:84076","hsa:6120","hsa","00030","5.1.3.1"
"468","hsa:84076","hsa:729020","hsa","00030","5.1.3.1"
"469","hsa:22934","hsa:5226","hsa","00030","5.1.3.1"
"470","hsa:22934","hsa:6120","hsa","00030","5.1.3.1"
"471","hsa:22934","hsa:729020","hsa","00030","4.1.2.13"
"472","hsa:22934","hsa:5236","hsa","00030","4.1.2.13"
"473","hsa:22934","hsa:55276","hsa","00030","4.1.2.13"
"474","hsa:6120","hsa:5226","hsa","00030","4.1.2.13"
"475","hsa:6120","hsa:7086","hsa","00030","4.1.2.13"
"476","hsa:6120","hsa:8277","hsa","00030","4.1.2.13"
"477","hsa:6120","hsa:84076","hsa","00030","4.1.2.13"
"478","hsa:729020","hsa:5226","hsa","00030","4.1.2.13"
"479","hsa:729020","hsa:7086","hsa","00030","4.1.2.13"
"480","hsa:729020","hsa:8277","hsa","00030","4.1.2.13"
"481","hsa:729020","hsa:84076","hsa","00030","4.1.2.13"
"482","hsa:226","hsa:5211","hsa","00030","4.1.2.13"
"483","hsa:226","hsa:5213","hsa","00030","4.1.2.13"
"484","hsa:226","hsa:5214","hsa","00030","4.1.2.13"
"485","hsa:226","hsa:2203","hsa","00030","4.1.2.13"
"486","hsa:226","hsa:8789","hsa","00030","4.1.2.13"
"487","hsa:226","hsa:7086","hsa","00030","4.1.2.13"
"488","hsa:226","hsa:8277","hsa","00030","4.1.2.13"
"489","hsa:226","hsa:84076","hsa","00030","4.1.2.13"
"490","hsa:226","hsa:6888","hsa","00030","4.1.2.13"
"491","hsa:229","hsa:5211","hsa","00030","4.1.2.13"
"492","hsa:229","hsa:5213","hsa","00030","4.1.2.13"
"493","hsa:229","hsa:5214","hsa","00030","4.1.2.13"
"494","hsa:229","hsa:2203","hsa","00030","4.1.2.13"
"495","hsa:229","hsa:8789","hsa","00030","4.1.2.13"
"496","hsa:229","hsa:7086","hsa","00030","4.1.2.13"
"497","hsa:229","hsa:8277","hsa","00030","2.7.1.11"
"498","hsa:229","hsa:84076","hsa","00030","2.7.1.11"
"499","hsa:229","hsa:6888","hsa","00030","2.7.1.11"
"500","hsa:230","hsa:5211","hsa","00030","2.7.1.11"
"501","hsa:230","hsa:5213","hsa","00030","2.7.1.11"
"502","hsa:230","hsa:5214","hsa","00030","2.7.1.11"
"503","hsa:230","hsa:2203","hsa","00030","3.1.3.11"
"504","hsa:230","hsa:8789","hsa","00030","3.1.3.11"
"505","hsa:230","hsa:7086","hsa","00030","3.1.3.11"
"506","hsa:230","hsa:8277","hsa","00030","3.1.3.11"
"507","hsa:230","hsa:84076","hsa","00030","1.1.1.44 / 1.1.1.343"
"508","hsa:230","hsa:6888","hsa","00030","1.1.1.44 / 1.1.1.343"
"509","hsa:5211","hsa:2821","hsa","00030","1.1.1.44 / 1.1.1.343"
"510","hsa:5211","hsa:6888","hsa","00030","3.1.1.31"
"511","hsa:5213","hsa:2821","hsa","00030","3.1.1.31"
"512","hsa:5213","hsa:6888","hsa","00030","3.1.1.31"
"513","hsa:5214","hsa:2821","hsa","00030","3.1.1.31"
"514","hsa:5214","hsa:6888","hsa","00030","1.1.1.49 / 1.1.1.363"
"515","hsa:2203","hsa:2821","hsa","00030","1.1.1.49 / 1.1.1.363"
"516","hsa:2203","hsa:6888","hsa","00030","2.7.1.12"
"517","hsa:8789","hsa:2821","hsa","00030","2.2.1.2"
"518","hsa:8789","hsa:6888","hsa","00030","2.2.1.2"
"519","hsa:5226","hsa:25796","hsa","00030","2.2.1.2"
"520","hsa:5226","hsa:414328","hsa","00030","1.1.1.47 / 3.1.1.31"
"521","hsa:5226","hsa:9563","hsa","00030","1.1.1.47 / 3.1.1.31"
"522","hsa:25796","hsa:414328","hsa","00030","3.2.1.31"
"523","hsa:25796","hsa:2539","hsa","00030","3.2.1.31"
"524","hsa:25796","hsa:9563","hsa","00030","3.2.1.31"
"525","hsa:25796","hsa:5226","hsa","00030","3.2.1.31"
"526","hsa:2539","hsa:9563","hsa","00030","3.2.1.31"
"527","hsa:2539","hsa:25796","hsa","00030","3.2.1.31"
"528","hsa:414328","hsa:9104","hsa","00030","3.2.1.31"
"529","hsa:6888","hsa:7086","hsa","00030","3.2.1.31"
"530","hsa:6888","hsa:8277","hsa","00030","3.2.1.31"
"531","hsa:6888","hsa:84076","hsa","00030","3.2.1.31"
"532","hsa:9563","hsa:414328","hsa","00030","3.2.1.31"
"533","hsa:9563","hsa:5226","hsa","00030","3.2.1.31"
"534","hsa:2990","hsa:10720","hsa","00040","3.2.1.31"
"535","hsa:2990","hsa:10941","hsa","00040","3.2.1.31"
"536","hsa:2990","hsa:54490","hsa","00040","3.2.1.31"
"537","hsa:2990","hsa:54575","hsa","00040","3.2.1.31"
"538","hsa:2990","hsa:54576","hsa","00040","3.2.1.31"
"539","hsa:2990","hsa:54577","hsa","00040","3.2.1.31"
"540","hsa:2990","hsa:54578","hsa","00040","3.2.1.31"
"541","hsa:2990","hsa:54579","hsa","00040","3.2.1.31"
"542","hsa:2990","hsa:54600","hsa","00040","3.2.1.31"
"543","hsa:2990","hsa:54657","hsa","00040","3.2.1.31"
"544","hsa:2990","hsa:54658","hsa","00040","3.2.1.31"
"545","hsa:2990","hsa:54659","hsa","00040","3.2.1.31"
"546","hsa:2990","hsa:574537","hsa","00040","3.2.1.31"
"547","hsa:2990","hsa:7363","hsa","00040","3.2.1.31"
"548","hsa:2990","hsa:7364","hsa","00040","3.2.1.31"
"549","hsa:2990","hsa:7365","hsa","00040","3.2.1.31"
"550","hsa:2990","hsa:7366","hsa","00040","3.2.1.31"
"551","hsa:2990","hsa:7367","hsa","00040","3.2.1.31"
"552","hsa:2990","hsa:79799","hsa","00040","3.2.1.31"
"553","hsa:2990","hsa:10327","hsa","00040","3.2.1.31"
"554","hsa:9365","hsa:10720","hsa","00040","3.2.1.31"
"555","hsa:9365","hsa:10941","hsa","00040","3.2.1.31"
"556","hsa:9365","hsa:54490","hsa","00040","3.2.1.31"
"557","hsa:9365","hsa:54575","hsa","00040","3.2.1.31"
"558","hsa:9365","hsa:54576","hsa","00040","3.2.1.31"
"559","hsa:9365","hsa:54577","hsa","00040","3.2.1.31"
"560","hsa:9365","hsa:54578","hsa","00040","3.2.1.31"
"561","hsa:9365","hsa:54579","hsa","00040","3.2.1.31"
"562","hsa:9365","hsa:54600","hsa","00040","5.1.3.1"
"563","hsa:9365","hsa:54657","hsa","00040","5.1.3.1"
"564","hsa:9365","hsa:54658","hsa","00040","1.1.1.21"
"565","hsa:9365","hsa:54659","hsa","00040","1.1.1.21"
"566","hsa:9365","hsa:574537","hsa","00040","1.1.1.10"
"567","hsa:9365","hsa:7363","hsa","00040","1.1.1.10"
"568","hsa:9365","hsa:7364","hsa","00040","2.7.7.9"
"569","hsa:9365","hsa:7365","hsa","00040","2.4.1.17"
"570","hsa:9365","hsa:7366","hsa","00040","2.4.1.17"
"571","hsa:9365","hsa:7367","hsa","00040","2.4.1.17"
"572","hsa:9365","hsa:79799","hsa","00040","2.4.1.17"
"573","hsa:9365","hsa:10327","hsa","00040","2.4.1.17"
"574","hsa:6120","hsa:9942","hsa","00040","2.4.1.17"
"575","hsa:729020","hsa:9942","hsa","00040","2.4.1.17"
"576","hsa:231","hsa:6652","hsa","00040","2.4.1.17"
"577","hsa:57016","hsa:6652","hsa","00040","2.4.1.17"
"578","hsa:51181","hsa:231","hsa","00040","2.4.1.17"
"579","hsa:51181","hsa:57016","hsa","00040","2.4.1.17"
"580","hsa:7360","hsa:7358","hsa","00040","2.4.1.17"
"581","hsa:10720","hsa:7358","hsa","00040","2.4.1.17"
"582","hsa:10941","hsa:7358","hsa","00040","2.4.1.17"
"583","hsa:54490","hsa:7358","hsa","00040","2.4.1.17"
"584","hsa:54575","hsa:7358","hsa","00040","2.4.1.17"
"585","hsa:54576","hsa:7358","hsa","00040","2.4.1.17"
"586","hsa:54577","hsa:7358","hsa","00040","2.4.1.17"
"587","hsa:54578","hsa:7358","hsa","00040","2.4.1.17"
"588","hsa:54579","hsa:7358","hsa","00040","1.3.1.20 / 1.1.1.179"
"589","hsa:54600","hsa:7358","hsa","00040","1.1.1.14"
"590","hsa:54657","hsa:7358","hsa","00040","1.1.1.2"
"591","hsa:54658","hsa:7358","hsa","00040","1.1.1.21"
"592","hsa:54659","hsa:7358","hsa","00040","1.1.1.21"
"593","hsa:574537","hsa:7358","hsa","00040","1.1.1.14"
"594","hsa:7363","hsa:7358","hsa","00040","1.1.1.14"
"595","hsa:7364","hsa:7358","hsa","00040","1.1.1.14"
"596","hsa:7365","hsa:7358","hsa","00040","1.1.1.14"
"597","hsa:7366","hsa:7358","hsa","00040","1.1.1.14"
"598","hsa:7367","hsa:7358","hsa","00040","2.7.1.3"
"599","hsa:79799","hsa:7358","hsa","00040","2.7.1.3"
"600","hsa:27294","hsa:231","hsa","00040","2.7.1.3"
"601","hsa:27294","hsa:57016","hsa","00040","2.7.1.3"
"602","hsa:6652","hsa:51181","hsa","00040","2.7.1.3"
"603","hsa:10327","hsa:51084","hsa","00040","2.7.1.3"
"604","hsa:231","hsa:6652","hsa","00051","2.7.1.3"
"605","hsa:57016","hsa:6652","hsa","00051","2.7.1.1"
"606","hsa:6652","hsa:3795","hsa","00051","2.7.1.1"
"607","hsa:6652","hsa:3098","hsa","00051","2.7.1.1"
"608","hsa:6652","hsa:3099","hsa","00051","2.7.1.1"
"609","hsa:6652","hsa:3101","hsa","00051","2.7.1.1"
"610","hsa:6652","hsa:80201","hsa","00051","2.7.1.1"
"611","hsa:3795","hsa:3098","hsa","00051","2.7.1.1"
"612","hsa:3795","hsa:3099","hsa","00051","2.7.1.1"
"613","hsa:3795","hsa:3101","hsa","00051","2.7.1.1"
"614","hsa:3795","hsa:80201","hsa","00051","2.7.1.1"
"615","hsa:3795","hsa:226","hsa","00051","2.7.1.1"
"616","hsa:3795","hsa:229","hsa","00051","2.7.1.1"
"617","hsa:3795","hsa:230","hsa","00051","2.7.1.1"
"618","hsa:3098","hsa:5207","hsa","00051","2.7.1.1"
"619","hsa:3098","hsa:5208","hsa","00051","2.7.1.1"
"620","hsa:3098","hsa:5209","hsa","00051","2.7.1.1"
"621","hsa:3098","hsa:5210","hsa","00051","2.7.1.1"
"622","hsa:3098","hsa:57103","hsa","00051","2.7.1.1"
"623","hsa:3098","hsa:5211","hsa","00051","2.7.1.1"
"624","hsa:3098","hsa:5213","hsa","00051","2.7.1.1"
"625","hsa:3098","hsa:5214","hsa","00051","2.7.1.1"
"626","hsa:3098","hsa:2203","hsa","00051","2.7.1.1"
"627","hsa:3098","hsa:8789","hsa","00051","2.7.1.1"
"628","hsa:3098","hsa:4351","hsa","00051","2.7.1.1"
"629","hsa:3098","hsa:5372","hsa","00051","2.7.1.1"
"630","hsa:3098","hsa:5373","hsa","00051","2.7.1.1"
"631","hsa:3099","hsa:5207","hsa","00051","2.7.1.1"
"632","hsa:3099","hsa:5208","hsa","00051","2.7.1.1"
"633","hsa:3099","hsa:5209","hsa","00051","2.7.1.1"
"634","hsa:3099","hsa:5210","hsa","00051","2.7.1.1"
"635","hsa:3099","hsa:57103","hsa","00051","2.7.1.1"
"636","hsa:3099","hsa:5211","hsa","00051","2.7.1.1"
"637","hsa:3099","hsa:5213","hsa","00051","2.7.1.1"
"638","hsa:3099","hsa:5214","hsa","00051","2.7.1.1"
"639","hsa:3099","hsa:2203","hsa","00051","2.7.1.1"
"640","hsa:3099","hsa:8789","hsa","00051","2.7.1.1"
"641","hsa:3099","hsa:4351","hsa","00051","2.7.1.1"
"642","hsa:3099","hsa:5372","hsa","00051","2.7.1.1"
"643","hsa:3099","hsa:5373","hsa","00051","2.7.1.1"
"644","hsa:3101","hsa:5207","hsa","00051","2.7.1.1"
"645","hsa:3101","hsa:5208","hsa","00051","2.7.1.1"
"646","hsa:3101","hsa:5209","hsa","00051","2.7.1.1"
"647","hsa:3101","hsa:5210","hsa","00051","2.7.1.1"
"648","hsa:3101","hsa:57103","hsa","00051","2.7.1.1"
"649","hsa:3101","hsa:5211","hsa","00051","2.7.1.1"
"650","hsa:3101","hsa:5213","hsa","00051","2.7.1.1"
"651","hsa:3101","hsa:5214","hsa","00051","2.7.1.1"
"652","hsa:3101","hsa:2203","hsa","00051","2.7.1.1"
"653","hsa:3101","hsa:8789","hsa","00051","2.7.1.1"
"654","hsa:3101","hsa:4351","hsa","00051","2.7.1.1"
"655","hsa:3101","hsa:5372","hsa","00051","2.7.1.1"
"656","hsa:3101","hsa:5373","hsa","00051","2.7.1.1"
"657","hsa:80201","hsa:5207","hsa","00051","2.7.1.105 / 3.1.3.46"
"658","hsa:80201","hsa:5208","hsa","00051","2.7.1.105 / 3.1.3.46"
"659","hsa:80201","hsa:5209","hsa","00051","2.7.1.105 / 3.1.3.46"
"660","hsa:80201","hsa:5210","hsa","00051","2.7.1.105 / 3.1.3.46"
"661","hsa:80201","hsa:57103","hsa","00051","2.7.1.105 / 3.1.3.46"
"662","hsa:80201","hsa:5211","hsa","00051","2.7.1.105 / 3.1.3.46"
"663","hsa:80201","hsa:5213","hsa","00051","2.7.1.105 / 3.1.3.46"
"664","hsa:80201","hsa:5214","hsa","00051","2.7.1.105 / 3.1.3.46"
"665","hsa:80201","hsa:2203","hsa","00051","2.7.1.105 / 3.1.3.46"
"666","hsa:80201","hsa:8789","hsa","00051","2.7.1.105 / 3.1.3.46"
"667","hsa:80201","hsa:4351","hsa","00051","2.7.1.105 / 3.1.3.46"
"668","hsa:80201","hsa:5372","hsa","00051","2.7.1.105 / 3.1.3.46"
"669","hsa:80201","hsa:5373","hsa","00051","2.7.1.105 / 3.1.3.46"
"670","hsa:5207","hsa:5211","hsa","00051","2.7.1.105 / 3.1.3.46"
"671","hsa:5207","hsa:5213","hsa","00051","2.7.1.105 / 3.1.3.46"
"672","hsa:5207","hsa:5214","hsa","00051","2.7.1.105 / 3.1.3.46"
"673","hsa:5207","hsa:2203","hsa","00051","2.7.1.105 / 3.1.3.46"
"674","hsa:5207","hsa:8789","hsa","00051","2.7.1.105 / 3.1.3.46"
"675","hsa:5207","hsa:4351","hsa","00051","2.7.1.105 / 3.1.3.46"
"676","hsa:5208","hsa:5211","hsa","00051","2.7.1.105 / 3.1.3.46"
"677","hsa:5208","hsa:5213","hsa","00051","2.7.1.105 / 3.1.3.46"
"678","hsa:5208","hsa:5214","hsa","00051","2.7.1.105 / 3.1.3.46"
"679","hsa:5208","hsa:2203","hsa","00051","2.7.1.105 / 3.1.3.46"
"680","hsa:5208","hsa:8789","hsa","00051","2.7.1.105 / 3.1.3.46"
"681","hsa:5208","hsa:4351","hsa","00051","3.1.3.46"
"682","hsa:5209","hsa:5211","hsa","00051","3.1.3.46"
"683","hsa:5209","hsa:5213","hsa","00051","3.1.3.46"
"684","hsa:5209","hsa:5214","hsa","00051","3.1.3.46"
"685","hsa:5209","hsa:2203","hsa","00051","3.1.3.46"
"686","hsa:5209","hsa:8789","hsa","00051","3.1.3.46"
"687","hsa:5209","hsa:4351","hsa","00051","5.3.1.8"
"688","hsa:5210","hsa:5211","hsa","00051","5.3.1.8"
"689","hsa:5210","hsa:5213","hsa","00051","5.3.1.8"
"690","hsa:5210","hsa:5214","hsa","00051","5.3.1.8"
"691","hsa:5210","hsa:2203","hsa","00051","5.3.1.8"
"692","hsa:5210","hsa:8789","hsa","00051","5.3.1.8"
"693","hsa:5210","hsa:4351","hsa","00051","5.4.2.8"
"694","hsa:57103","hsa:5211","hsa","00051","5.4.2.8"
"695","hsa:57103","hsa:5213","hsa","00051","5.4.2.8"
"696","hsa:57103","hsa:5214","hsa","00051","5.4.2.8"
"697","hsa:57103","hsa:2203","hsa","00051","2.7.7.30"
"698","hsa:57103","hsa:8789","hsa","00051","2.7.7.30"
"699","hsa:57103","hsa:4351","hsa","00051","1.1.1.271"
"700","hsa:4351","hsa:5211","hsa","00051","4.2.1.47"
"701","hsa:4351","hsa:5213","hsa","00051","4.2.1.47"
"702","hsa:4351","hsa:5214","hsa","00051","2.7.1.11"
"703","hsa:4351","hsa:2203","hsa","00051","2.7.1.11"
"704","hsa:4351","hsa:8789","hsa","00051","2.7.1.11"
"705","hsa:4351","hsa:5372","hsa","00051","2.7.1.11"
"706","hsa:4351","hsa:5373","hsa","00051","2.7.1.11"
"707","hsa:5372","hsa:29925","hsa","00051","2.7.1.11"
"708","hsa:5372","hsa:29926","hsa","00051","2.7.1.11"
"709","hsa:5373","hsa:29925","hsa","00051","2.7.1.11"
"710","hsa:5373","hsa:29926","hsa","00051","2.7.1.11"
"711","hsa:8790","hsa:7264","hsa","00051","5.3.1.1"
"712","hsa:8790","hsa:197258","hsa","00051","5.3.1.1"
"713","hsa:7264","hsa:2762","hsa","00051","5.3.1.1"
"714","hsa:2762","hsa:29925","hsa","00051","5.3.1.1"
"715","hsa:2762","hsa:29926","hsa","00051","4.1.2.13"
"716","hsa:5211","hsa:226","hsa","00051","4.1.2.13"
"717","hsa:5211","hsa:229","hsa","00051","4.1.2.13"
"718","hsa:5211","hsa:230","hsa","00051","4.1.2.13"
"719","hsa:5213","hsa:226","hsa","00051","4.1.2.13"
"720","hsa:5213","hsa:229","hsa","00051","4.1.2.13"
"721","hsa:5213","hsa:230","hsa","00051","4.1.2.13"
"722","hsa:5214","hsa:226","hsa","00051","4.1.2.13"
"723","hsa:5214","hsa:229","hsa","00051","4.1.2.13"
"724","hsa:5214","hsa:230","hsa","00051","2.7.1.28 / 2.7.1.29 / 4.6.1.15"
"725","hsa:7167","hsa:226","hsa","00051","2.7.1.28 / 2.7.1.29 / 4.6.1.15"
"726","hsa:7167","hsa:229","hsa","00051","2.7.1.28 / 2.7.1.29 / 4.6.1.15"
"727","hsa:7167","hsa:230","hsa","00051","3.2.1.22"
"728","hsa:7167","hsa:26007","hsa","00051","3.2.1.22"
"729","hsa:226","hsa:2203","hsa","00051","3.2.1.22"
"730","hsa:226","hsa:8789","hsa","00051","3.2.1.22"
"731","hsa:226","hsa:26007","hsa","00051","3.2.1.22"
"732","hsa:229","hsa:2203","hsa","00051","3.2.1.22"
"733","hsa:229","hsa:8789","hsa","00051","3.2.1.22"
"734","hsa:229","hsa:26007","hsa","00051","3.2.1.22"
"735","hsa:230","hsa:2203","hsa","00051","1.1.1.21"
"736","hsa:230","hsa:8789","hsa","00051","1.1.1.21"
"737","hsa:230","hsa:26007","hsa","00051","1.1.1.21"
"738","hsa:26007","hsa:226","hsa","00051","1.1.1.21"
"739","hsa:26007","hsa:229","hsa","00051","1.1.1.21"
"740","hsa:26007","hsa:230","hsa","00051","1.1.1.21"
"741","hsa:2717","hsa:3938","hsa","00052","2.7.1.2"
"742","hsa:2717","hsa:2717","hsa","00052","2.7.1.2"
"743","hsa:2717","hsa:2720","hsa","00052","2.7.1.2"
"744","hsa:2717","hsa:2548","hsa","00052","2.7.1.2"
"745","hsa:2717","hsa:2595","hsa","00052","2.7.1.1"
"746","hsa:2717","hsa:8972","hsa","00052","2.7.1.1"
"747","hsa:2717","hsa:93432","hsa","00052","2.7.1.1"
"748","hsa:2717","hsa:6476","hsa","00052","2.7.1.1"
"749","hsa:231","hsa:2720","hsa","00052","2.7.1.1"
"750","hsa:231","hsa:3938","hsa","00052","2.7.1.1"
"751","hsa:231","hsa:2717","hsa","00052","2.7.1.1"
"752","hsa:57016","hsa:2720","hsa","00052","2.7.1.1"
"753","hsa:57016","hsa:3938","hsa","00052","2.7.1.1"
"754","hsa:57016","hsa:2717","hsa","00052","2.7.1.1"
"755","hsa:2645","hsa:3938","hsa","00052","2.7.1.1"
"756","hsa:2645","hsa:2720","hsa","00052","2.7.1.1"
"757","hsa:2645","hsa:5236","hsa","00052","2.7.1.1"
"758","hsa:2645","hsa:55276","hsa","00052","2.7.1.1"
"759","hsa:3098","hsa:3938","hsa","00052","2.7.1.1"
"760","hsa:3098","hsa:2720","hsa","00052","2.7.1.1"
"761","hsa:3098","hsa:5236","hsa","00052","3.2.1.108 / 3.2.1.62"
"762","hsa:3098","hsa:55276","hsa","00052","3.2.1.108 / 3.2.1.62"
"763","hsa:3099","hsa:3938","hsa","00052","3.2.1.108 / 3.2.1.62"
"764","hsa:3099","hsa:2720","hsa","00052","3.2.1.108 / 3.2.1.62"
"765","hsa:3099","hsa:5236","hsa","00052","3.2.1.108 / 3.2.1.62"
"766","hsa:3099","hsa:55276","hsa","00052","3.2.1.108 / 3.2.1.62"
"767","hsa:3101","hsa:3938","hsa","00052","3.2.1.23"
"768","hsa:3101","hsa:2720","hsa","00052","3.2.1.23"
"769","hsa:3101","hsa:5236","hsa","00052","3.2.1.23"
"770","hsa:3101","hsa:55276","hsa","00052","3.2.1.23"
"771","hsa:80201","hsa:3938","hsa","00052","3.2.1.23"
"772","hsa:80201","hsa:2720","hsa","00052","3.2.1.23"
"773","hsa:80201","hsa:5236","hsa","00052","5.4.2.2"
"774","hsa:80201","hsa:55276","hsa","00052","5.4.2.2 / 5.4.2.7"
"775","hsa:3938","hsa:2538","hsa","00052","2.4.1.22 / 2.4.1.90 / 2.4.1.38 /  2.4.1.-"
"776","hsa:3938","hsa:57818","hsa","00052","2.4.1.22 / 2.4.1.90 / 2.4.1.38 /  2.4.1.-"
"777","hsa:3938","hsa:92579","hsa","00052","2.4.1.22"
"778","hsa:3938","hsa:2683","hsa","00052","2.4.1.22"
"779","hsa:3938","hsa:3906","hsa","00052","2.4.1.22 / 2.4.1.90 / 2.4.1.38 /  2.4.1.-"
"780","hsa:3938","hsa:8704","hsa","00052","2.4.1.22 / 2.4.1.90 / 2.4.1.38 /  2.4.1.-"
"781","hsa:2720","hsa:2538","hsa","00052","5.1.3.2"
"782","hsa:2720","hsa:57818","hsa","00052","5.1.3.2"
"783","hsa:2720","hsa:92579","hsa","00052","2.7.7.9"
"784","hsa:2720","hsa:2683","hsa","00052","2.7.7.12"
"785","hsa:2720","hsa:3906","hsa","00052","3.1.3.9"
"786","hsa:2720","hsa:8704","hsa","00052","3.1.3.9"
"787","hsa:5236","hsa:7360","hsa","00052","3.1.3.9"
"788","hsa:55276","hsa:7360","hsa","00052","3.1.3.9"
"789","hsa:2683","hsa:2592","hsa","00052","3.1.3.9"
"790","hsa:2683","hsa:2582","hsa","00052","5.1.3.3"
"791","hsa:3906","hsa:2592","hsa","00052","5.1.3.3"
"792","hsa:3906","hsa:2582","hsa","00052","5.1.3.3"
"793","hsa:8704","hsa:2592","hsa","00052","5.1.3.3"
"794","hsa:8704","hsa:2582","hsa","00052","5.1.3.3"
"795","hsa:2582","hsa:7360","hsa","00052","5.1.3.3"
"796","hsa:2582","hsa:2592","hsa","00052","1.13.99.1"
"797","hsa:7360","hsa:2592","hsa","00052","1.13.99.1"
"798","hsa:2592","hsa:2584","hsa","00052","1.13.99.1"
"799","hsa:2538","hsa:5236","hsa","00052","1.13.99.1"
"800","hsa:2538","hsa:55276","hsa","00052","1.13.99.1"
"801","hsa:57818","hsa:5236","hsa","00052","1.13.99.1"
"802","hsa:57818","hsa:55276","hsa","00052","1.13.99.1"
"803","hsa:92579","hsa:5236","hsa","00052","1.13.99.1"
"804","hsa:92579","hsa:55276","hsa","00052","1.13.99.1"
"805","hsa:130589","hsa:2584","hsa","00052","1.13.99.1"
"806","hsa:130589","hsa:2720","hsa","00052","1.13.99.1"
"807","hsa:130589","hsa:3938","hsa","00052","1.13.99.1"
"808","hsa:130589","hsa:2717","hsa","00052","1.13.99.1"
"809","hsa:130589","hsa:231","hsa","00052","1.13.99.1"
"810","hsa:130589","hsa:57016","hsa","00052","1.13.99.1"
"811","hsa:55586","hsa:10720","hsa","00053","1.13.99.1"
"812","hsa:55586","hsa:10941","hsa","00053","1.13.99.1"
"813","hsa:55586","hsa:54490","hsa","00053","1.13.99.1"
"814","hsa:55586","hsa:54575","hsa","00053","1.13.99.1"
"815","hsa:55586","hsa:54576","hsa","00053","1.1.1.22"
"816","hsa:55586","hsa:54577","hsa","00053","1.1.1.22"
"817","hsa:55586","hsa:54578","hsa","00053","1.1.1.22"
"818","hsa:55586","hsa:54579","hsa","00053","1.1.1.22"
"819","hsa:55586","hsa:54600","hsa","00053","1.1.1.22"
"820","hsa:55586","hsa:54657","hsa","00053","1.1.1.22"
"821","hsa:55586","hsa:54658","hsa","00053","1.1.1.22"
"822","hsa:55586","hsa:54659","hsa","00053","1.1.1.22"
"823","hsa:55586","hsa:574537","hsa","00053","1.1.1.22"
"824","hsa:55586","hsa:7363","hsa","00053","1.1.1.22"
"825","hsa:55586","hsa:7364","hsa","00053","1.1.1.22"
"826","hsa:55586","hsa:7365","hsa","00053","1.1.1.22"
"827","hsa:55586","hsa:7366","hsa","00053","1.1.1.22"
"828","hsa:55586","hsa:7367","hsa","00053","1.1.1.22"
"829","hsa:55586","hsa:79799","hsa","00053","1.1.1.22"
"830","hsa:7358","hsa:10720","hsa","00053","1.1.1.22"
"831","hsa:7358","hsa:10941","hsa","00053","1.1.1.22"
"832","hsa:7358","hsa:54490","hsa","00053","1.1.1.22"
"833","hsa:7358","hsa:54575","hsa","00053","1.1.1.22"
"834","hsa:7358","hsa:54576","hsa","00053","2.3.1.85"
"835","hsa:7358","hsa:54577","hsa","00053","2.3.1.85"
"836","hsa:7358","hsa:54578","hsa","00053","2.3.1.85"
"837","hsa:7358","hsa:54579","hsa","00053","2.3.1.85"
"838","hsa:7358","hsa:54600","hsa","00053","2.3.1.85"
"839","hsa:7358","hsa:54657","hsa","00053","2.3.1.85"
"840","hsa:7358","hsa:54658","hsa","00053","2.3.1.85"
"841","hsa:7358","hsa:54659","hsa","00053","2.3.1.85"
"842","hsa:7358","hsa:574537","hsa","00053","3.1.2.21"
"843","hsa:7358","hsa:7363","hsa","00053","3.1.2.21"
"844","hsa:7358","hsa:7364","hsa","00053","3.1.2.21"
"845","hsa:7358","hsa:7365","hsa","00053","2.3.1.179"
"846","hsa:7358","hsa:7366","hsa","00053","2.3.1.179"
"847","hsa:7358","hsa:7367","hsa","00053","2.3.1.179"
"848","hsa:7358","hsa:79799","hsa","00053","2.3.1.179"
"849","hsa:2194","hsa:31","hsa","00061","2.3.1.179"
"850","hsa:2194","hsa:32","hsa","00061","2.3.1.39"
"851","hsa:2194","hsa:27349","hsa","00061","2.3.1.39"
"852","hsa:2194","hsa:54995","hsa","00061","2.3.1.39"
"853","hsa:2194","hsa:51102","hsa","00061","6.2.1.3"
"854","hsa:2194","hsa:109703458","hsa","00061","6.2.1.3"
"855","hsa:2194","hsa:84869","hsa","00061","6.2.1.3"
"856","hsa:2194","hsa:7923","hsa","00061","6.2.1.3"
"857","hsa:55301","hsa:2194","hsa","00061","6.2.1.3"
"858","hsa:55301","hsa:54995","hsa","00061","6.2.1.3"
"859","hsa:55301","hsa:51102","hsa","00061","6.2.1.3"
"860","hsa:54995","hsa:2194","hsa","00061","[EC:6.2.1.-"
"861","hsa:54995","hsa:27349","hsa","00061","[EC:6.2.1.-"
"862","hsa:54995","hsa:51102","hsa","00061","[EC:6.2.1.-"
"863","hsa:54995","hsa:84869","hsa","00061","[EC:6.2.1.-"
"864","hsa:54995","hsa:7923","hsa","00061","1.3.1.38"
"865","hsa:27349","hsa:31","hsa","00061","1.3.1.38"
"866","hsa:27349","hsa:32","hsa","00061","1.3.1.38"
"867","hsa:27349","hsa:54995","hsa","00061","[EC:1.1.1.-"
"868","hsa:2180","hsa:2194","hsa","00061","[EC:1.1.1.-"
"869","hsa:2181","hsa:2194","hsa","00061","[EC:1.1.1.-"
"870","hsa:2182","hsa:2194","hsa","00061","1.1.1.62 / 1.1.1.239"
"871","hsa:23205","hsa:2194","hsa","00061","1.1.1.62 / 1.1.1.239"
"872","hsa:23305","hsa:2194","hsa","00061","1.1.1.62 / 1.1.1.239"
"873","hsa:51703","hsa:2194","hsa","00061","[EC:4.2.1.-"
"874","hsa:81616","hsa:2194","hsa","00061","[EC:4.2.1.-"
"875","hsa:197322","hsa:31","hsa","00061","3.1.2.22"
"876","hsa:197322","hsa:32","hsa","00061","3.1.2.22"
"877","hsa:197322","hsa:2194","hsa","00061","1.3.1.38"
"878","hsa:197322","hsa:27349","hsa","00061","1.3.1.38"
"879","hsa:51102","hsa:2194","hsa","00061","1.3.1.38"
"880","hsa:51102","hsa:54995","hsa","00061","1.3.1.38"
"881","hsa:51102","hsa:55301","hsa","00061","4.2.1.17"
"882","hsa:84869","hsa:54995","hsa","00061","4.2.1.17"
"883","hsa:84869","hsa:2194","hsa","00061","4.2.1.17"
"884","hsa:84869","hsa:109703458","hsa","00061","4.2.1.17 / 1.1.1.211"
"885","hsa:7923","hsa:54995","hsa","00061","4.2.1.17 / 1.1.1.211"
"886","hsa:7923","hsa:2194","hsa","00061","4.2.1.17 / 1.1.1.211"
"887","hsa:7923","hsa:109703458","hsa","00061","4.2.1.17 / 1.1.1.211"
"888","hsa:109703458","hsa:2194","hsa","00061","4.2.1.17 / 1.1.1.211"
"889","hsa:109703458","hsa:51102","hsa","00061","2.3.1.16"
"890","hsa:5538","hsa:51102","hsa","00062","2.3.1.16"
"891","hsa:9374","hsa:51102","hsa","00062","2.3.1.16"
"892","hsa:51102","hsa:1892","hsa","00062","2.3.1.16"
"893","hsa:51102","hsa:3030","hsa","00062","2.3.1.16"
"894","hsa:51102","hsa:5538","hsa","00062","2.3.1.16"
"895","hsa:51102","hsa:9374","hsa","00062","1.1.1.35"
"896","hsa:1892","hsa:3033","hsa","00062","1.1.1.35"
"897","hsa:1892","hsa:3030","hsa","00062","1.1.1.35"
"898","hsa:1892","hsa:51102","hsa","00062","1.1.1.35"
"899","hsa:3030","hsa:10449","hsa","00062","1.1.1.62 / 1.1.1.330"
"900","hsa:3030","hsa:3032","hsa","00062","1.1.1.62 / 1.1.1.330"
"901","hsa:3030","hsa:3033","hsa","00062","1.1.1.62 / 1.1.1.330"
"902","hsa:3030","hsa:3030","hsa","00062","1.1.1.62 / 1.1.1.330"
"903","hsa:3030","hsa:1892","hsa","00062","1.1.1.62 / 1.1.1.330"
"904","hsa:3030","hsa:51102","hsa","00062","1.1.1.62 / 1.1.1.330"
"905","hsa:10449","hsa:51102","hsa","00062","1.1.1.62 / 1.1.1.330"
"906","hsa:10449","hsa:3033","hsa","00062","1.1.1.62 / 1.1.1.330"
"907","hsa:10449","hsa:3030","hsa","00062","1.1.1.62 / 1.1.1.330"
"908","hsa:3032","hsa:51102","hsa","00062","1.1.1.62 / 1.1.1.330"
"909","hsa:3032","hsa:3033","hsa","00062","1.1.1.62 / 1.1.1.330"
"910","hsa:3032","hsa:3030","hsa","00062","1.3.1.93"
"911","hsa:3033","hsa:10449","hsa","00062","1.3.1.93"
"912","hsa:3033","hsa:3032","hsa","00062","1.3.1.93"
"913","hsa:3033","hsa:1892","hsa","00062","1.3.1.93"
"914","hsa:3033","hsa:3030","hsa","00062","1.3.1.93"
"915","hsa:51144","hsa:201562","hsa","00062","1.3.1.93"
"916","hsa:51144","hsa:401494","hsa","00062","4.2.1.134"
"917","hsa:51144","hsa:51495","hsa","00062","4.2.1.134"
"918","hsa:51144","hsa:9200","hsa","00062","4.2.1.134"
"919","hsa:51144","hsa:54898","hsa","00062","4.2.1.134"
"920","hsa:51144","hsa:60481","hsa","00062",NA
"921","hsa:51144","hsa:64834","hsa","00062",NA
"922","hsa:51144","hsa:6785","hsa","00062",NA
"923","hsa:51144","hsa:79071","hsa","00062",NA
"924","hsa:51144","hsa:79993","hsa","00062",NA
"925","hsa:51144","hsa:83401","hsa","00062",NA
"926","hsa:9524","hsa:10965","hsa","00062",NA
"927","hsa:9524","hsa:11332","hsa","00062",NA
"928","hsa:9524","hsa:117145","hsa","00062",NA
"929","hsa:9524","hsa:122970","hsa","00062",NA
"930","hsa:9524","hsa:284486","hsa","00062",NA
"931","hsa:9524","hsa:641371","hsa","00062",NA
"932","hsa:201562","hsa:9524","hsa","00062",NA
"933","hsa:401494","hsa:9524","hsa","00062",NA
"934","hsa:51495","hsa:9524","hsa","00062",NA
"935","hsa:9200","hsa:9524","hsa","00062",NA
